Source,Form,Date,Email,Name,Phone,Message,More
Contact,Contact Us,"9/8/2026, 10:37:18 PM",taralynrpeitz@gmail.com,Taralyn,4012074361,"Hi, My son is interested but unsure. Is it possible to come in for a meeting before signing up so he can see what it's all about?",
Contact,Contact Us,"9/8/2026, 7:12:40 PM",mclaughlin_cara@yahoo.com,Cara E Kenyon,4013184272,"Hi there! 
  My son is 5 ans very interested in cub scouts. Hes in K so I was wondering if it was possible to come to one meeting to check things out and make sure its a fit before w",
Contact,Contact Us,"2/12/2026, 5:21:20 AM",karsenault11@gmail.con,Kathy,,Please remove me from your email list. Thanks,
Contact,,"8/19/2025, 7:32:22 PM",eric.harley@gmail.com,Eric Harley,4105914166,Test,
Newsletter,,"12/12/2025, 4:34:49 PM",dislok8@hotmail.com,,,,
Newsletter,,"10/8/2025, 2:36:15 AM",hugolehmann92@outlook.com,,,,
Newsletter,,"10/8/2025, 2:35:33 AM",ghowell00@yahoo.com,,,,
Newsletter,,"10/8/2025, 2:35:11 AM",gayle_greenholt25@bocah.team,,,,
Newsletter,,"8/19/2025, 7:32:45 PM",eric.harley@gmail.com,,,,
