Page,Section,Section title,Location,Image URL,Source,Attribution
/,Introduction,Discover Adventure with Pack 66 Kingston,Section background,https://images.unsplash.com/photo-1480480841387-c9b88fac077a?crop=entropy&cs=srgb&fm=jpg&ixid=M3w0OTUyODh8MHwxfHNlYXJjaHw1fHxjdWIlMjBzY291dHMlMjBraWRzJTIwb3V0ZG9vcnN8ZW58MHwwfHx8MTc1NTA0NDkyM3ww&ixlib=rb-4.1.0&q=85,Unsplash,https://api.unsplash.com/photos/rnguvzoG-x8/download?ixid=M3w0OTUyODh8MHwxfHNlYXJjaHw1fHxjdWIlMjBzY291dHMlMjBraWRzJTIwb3V0ZG9vcnN8ZW58MHwwfHx8MTc1NTA0NDkyM3ww
/,Article,"Welcome to Cub Scout Pack 66 Kingston: Adventure, Learning, and Community for Families",Section image,https://cdn.soloist.ai/bf8a03ed-c8b5-4a9a-a6d9-2757644c3673/50db8e2e-8565-48e7-9968-da73462b0b38_2048x2048.webp,Custom,
/,Gallery,Gallery,Gallery image #1,https://cdn.soloist.ai/bf8a03ed-c8b5-4a9a-a6d9-2757644c3673/f2bd978f-d484-4ad3-939a-92c58ea71628_2048x2048.webp,Custom,
/,Gallery,Gallery,Gallery image #2,https://cdn.soloist.ai/bf8a03ed-c8b5-4a9a-a6d9-2757644c3673/3530d96b-5eaa-475e-8dd9-914d7d754ea0_2048x2048.webp,Custom,
/,Gallery,Gallery,Gallery image #3,https://cdn.soloist.ai/bf8a03ed-c8b5-4a9a-a6d9-2757644c3673/0aceb28d-230d-443f-a29c-46e3fe7f218d_2048x2048.webp,Custom,
/,Gallery,Gallery,Gallery image #4,https://cdn.soloist.ai/bf8a03ed-c8b5-4a9a-a6d9-2757644c3673/0abdbb38-4760-495d-9246-4df45eddbe98_2048x2048.webp,Custom,
/,Gallery,Gallery,Gallery image #5,https://cdn.soloist.ai/bf8a03ed-c8b5-4a9a-a6d9-2757644c3673/0d3bba13-a71a-40f3-bae8-6a4cecbc776f_2048x2048.webp,Custom,
/,Gallery,Gallery,Gallery image #6,https://cdn.soloist.ai/bf8a03ed-c8b5-4a9a-a6d9-2757644c3673/96d2693f-6ff0-489d-96bc-08ca7d2a076b_2048x2048.webp,Custom,
/,Gallery,Gallery,Gallery image #7,https://cdn.soloist.ai/bf8a03ed-c8b5-4a9a-a6d9-2757644c3673/0a4e171c-fb69-454b-b1b6-437084450236_2048x2048.webp,Custom,
/,Gallery,Gallery,Gallery image #8,https://cdn.soloist.ai/bf8a03ed-c8b5-4a9a-a6d9-2757644c3673/05d375b1-e2fa-4e79-b156-444465da3421_2048x2048.webp,Custom,
/,Gallery,Gallery,Gallery image #9,https://cdn.soloist.ai/bf8a03ed-c8b5-4a9a-a6d9-2757644c3673/a45d9c95-7b14-4ebc-9dca-8b6a054ae4ad_2048x2048.webp,Custom,
/,ImageBanner,,Banner image,https://images.unsplash.com/photo-1638202951770-2240942c7d1c?crop=entropy&cs=srgb&fm=jpg&ixid=M3w0OTUyODh8MHwxfHNlYXJjaHw0fHxmYW1pbHklMjBvdXRkb29yJTIwYWR2ZW50dXJlJTIwa2lkcyUyMHNjb3V0c3xlbnwwfDB8fHwxNzU1MjA3NjY0fDA&ixlib=rb-4.1.0&q=85,Unsplash,https://api.unsplash.com/photos/bh476ojZw2g/download?ixid=M3w0OTUyODh8MHwxfHNlYXJjaHw0fHxmYW1pbHklMjBvdXRkb29yJTIwYWR2ZW50dXJlJTIwa2lkcyUyMHNjb3V0c3xlbnwwfDB8fHwxNzU1MjA3NjY0fDA
